Epoch,Learn rate,Avg Train loss,Train Accuracy,Avg Eval loss,Eval accuracy
0,0.0,6.186455726623540,0.0,6.186455726623540,0.0
1,1.74692810742171E-07,6.186455726623540,0.0,6.186455726623540,0.0
2,3.49385621484342E-07,6.1850080490112300,0.0,6.1850080490112300,0.0
3,5.24078432226513E-07,6.182128429412840,0.0,6.182128429412840,0.0
4,6.98771242968684E-07,6.177819728851320,0.0,6.177819728851320,0.0
5,8.73464053710855E-07,6.172093391418460,0.0,6.172093391418460,0.0
6,1.04815686445303E-06,6.164965629577640,0.0,6.164965629577640,0.0
7,1.2228496751952E-06,6.156435489654540,0.0,6.156435489654540,0.0
8,1.39754248593737E-06,6.146518230438230,0.0,6.146518230438230,0.0
9,1.57223529667954E-06,6.135208606719970,0.0,6.135208606719970,0.0
10,1.74692810742171E-06,6.122523307800290,0.0,6.122523307800290,0.0
11,1.92162091816388E-06,6.108521461486820,0.0,6.108521461486820,0.0
12,2.09631372890605E-06,6.093225002288820,0.0,6.093225002288820,0.0
13,2.27100653964822E-06,6.076658725738530,0.0,6.076658725738530,0.0
14,2.4456993503904E-06,6.058856010437010,0.0,6.058856010437010,0.0
15,2.62039216113257E-06,6.039900779724120,0.0,6.039900779724120,0.0
16,2.79508497187474E-06,6.019864559173580,0.0,6.019864559173580,0.0
17,2.96977778261691E-06,5.99875020980835,0.0,5.99875020980835,0.0
18,3.14447059335908E-06,5.976586818695070,0.0,5.976586818695070,0.0
19,3.31916340410125E-06,5.953488349914550,0.0,5.953488349914550,0.0
20,3.49385621484342E-06,5.929470539093020,0.0,5.929470539093020,0.0
21,3.66854902558559E-06,5.904608726501470,0.0,5.904608726501470,0.0
22,3.84324183632776E-06,5.879003524780270,0.0,5.879003524780270,0.0
23,4.01793464706993E-06,5.852679252624510,0.0,5.852679252624510,0.0
24,4.19262745781211E-06,5.82579231262207,0.0,5.82579231262207,0.0
25,4.36732026855428E-06,5.798393726348880,0.003693444188684230,5.798393726348880,0.003693444188684230
26,4.54201307929645E-06,5.770635604858400,0.003693444188684230,5.770635604858400,0.003693444188684230
27,4.71670589003862E-06,5.742629528045650,0.006463527213782070,5.742629528045650,0.006463527213782070
28,4.89139870078079E-06,5.714476585388180,0.008310249075293540,5.714476585388180,0.008310249075293540
29,5.06609151152296E-06,5.6862382888793900,0.012927054427564100,5.6862382888793900,0.012927054427564100
30,5.24078432226513E-06,5.657952785491940,0.020313942804932600,5.657952785491940,0.020313942804932600
31,5.4154771330073E-06,5.629697799682620,0.026777470484376000,5.629697799682620,0.026777470484376000
32,5.59016994374947E-06,5.601603031158450,0.028624191880226100,5.601603031158450,0.028624191880226100
33,5.76486275449165E-06,5.573713302612310,0.035087719559669500,5.573713302612310,0.035087719559669500
34,5.93955556523382E-06,5.545975685119630,0.04432132840156560,5.545975685119630,0.04432132840156560
35,6.11424837597599E-06,5.5184454917907700,0.04616805166006090,5.5184454917907700,0.04616805166006090
36,6.28894118671816E-06,5.4912495613098100,0.05263157933950420,5.4912495613098100,0.05263157933950420
37,6.46363399746033E-06,5.464385986328130,0.056325022131204600,5.464385986328130,0.056325022131204600
38,6.6383268082025E-06,5.437891483306890,0.056325022131204600,5.437891483306890,0.056325022131204600
39,6.81301961894467E-06,5.411744117736820,0.0590951070189476,5.411744117736820,0.0590951070189476
40,6.98771242968684E-06,5.386026859283450,0.05724838376045230,5.386026859283450,0.05724838376045230
41,7.16240524042901E-06,5.3607354164123500,0.0590951070189476,5.3607354164123500,0.0590951070189476
42,7.33709805117119E-06,5.335890293121340,0.06278855353593830,5.335890293121340,0.06278855353593830
43,7.51179086191336E-06,5.311644077301030,0.0618651919066906,5.311644077301030,0.0618651919066906
44,7.68648367265553E-06,5.2878875732421900,0.06094183027744290,5.2878875732421900,0.06094183027744290
45,7.8611764833977E-06,5.264736652374270,0.06094183027744290,5.264736652374270,0.06094183027744290
46,8.03586929413987E-06,5.242058753967290,0.06094183027744290,5.242058753967290,0.06094183027744290
47,8.21056210488204E-06,5.219826698303220,0.0618651919066906,5.219826698303220,0.0618651919066906
48,8.38525491562421E-06,5.198130130767820,0.0618651919066906,5.198130130767820,0.0618651919066906
49,8.55994772636638E-06,5.1769700050354,0.0618651919066906,5.1769700050354,0.0618651919066906
50,8.73464053710855E-06,5.156264305114750,0.0618651919066906,5.156264305114750,0.0618651919066906
51,8.90933334785073E-06,5.136034965515140,0.0618651919066906,5.136034965515140,0.0618651919066906
52,9.0840261585929E-06,5.116305351257320,0.0618651919066906,5.116305351257320,0.0618651919066906
53,9.25871896933507E-06,5.097041606903080,0.0618651919066906,5.097041606903080,0.0618651919066906
54,9.43341178007724E-06,5.078175067901610,0.0618651919066906,5.078175067901610,0.0618651919066906
55,9.60810459081941E-06,5.059689521789550,0.0618651919066906,5.059689521789550,0.0618651919066906
56,9.78279740156158E-06,5.0416107177734400,0.0618651919066906,5.0416107177734400,0.0618651919066906
57,9.95749021230375E-06,5.0238938331604,0.0618651919066906,5.0238938331604,0.0618651919066906
58,1.01321830230459E-05,5.0065789222717300,0.0618651919066906,5.0065789222717300,0.0618651919066906
59,1.03068758337881E-05,4.989634990692140,0.0618651919066906,4.989634990692140,0.0618651919066906
60,1.04815686445303E-05,4.973062515258790,0.0618651919066906,4.973062515258790,0.0618651919066906
61,1.06562614552724E-05,4.956913471221920,0.0618651919066906,4.956913471221920,0.0618651919066906
62,1.08309542660146E-05,4.941181182861330,0.0618651919066906,4.941181182861330,0.0618651919066906
63,1.10056470767568E-05,4.92578649520874,0.0618651919066906,4.92578649520874,0.0618651919066906
64,1.11803398874989E-05,4.910818576812740,0.0618651919066906,4.910818576812740,0.0618651919066906
65,1.13550326982411E-05,4.896241188049320,0.0590951070189476,4.896241188049320,0.0590951070189476
66,1.15297255089833E-05,4.882026195526120,0.05724838376045230,4.882026195526120,0.05724838376045230
67,1.17044183197255E-05,4.8681960105896,0.06001846864819530,4.8681960105896,0.06001846864819530
68,1.18791111304676E-05,4.854682445526120,0.06371191143989560,4.854682445526120,0.06371191143989560
69,1.20538039412098E-05,4.841512680053710,0.06832871586084370,4.841512680053710,0.06832871586084370
70,1.2228496751952E-05,4.82861852645874,0.06832871586084370,4.82861852645874,0.06832871586084370
71,1.24031895626941E-05,4.815953731536870,0.06740535795688630,4.815953731536870,0.06740535795688630
72,1.25778823734363E-05,4.803621768951420,0.06832871586084370,4.803621768951420,0.06832871586084370
73,1.27525751841785E-05,4.791551113128660,0.06832871586084370,4.791551113128660,0.06832871586084370
74,1.29272679949207E-05,4.7797932624816900,0.06740535795688630,4.7797932624816900,0.06740535795688630
75,1.31019608056628E-05,4.768311023712160,0.06648199260234830,4.768311023712160,0.06648199260234830
76,1.3276653616405E-05,4.757060527801510,0.06648199260234830,4.757060527801510,0.06648199260234830
77,1.34513464271472E-05,4.746069431304930,0.06740535795688630,4.746069431304930,0.06740535795688630
78,1.36260392378893E-05,4.735318183898930,0.06648199260234830,4.735318183898930,0.06648199260234830
79,1.38007320486315E-05,4.72459077835083,0.06832871586084370,4.72459077835083,0.06832871586084370
80,1.39754248593737E-05,4.713979721069340,0.07017543911933900,4.713979721069340,0.07017543911933900
81,1.41501176701159E-05,4.703568458557130,0.07017543911933900,4.703568458557130,0.07017543911933900
82,1.4324810480858E-05,4.693319320678710,0.06925208121538160,4.693319320678710,0.06925208121538160
83,1.44995032916002E-05,4.683259010314940,0.06832871586084370,4.683259010314940,0.06832871586084370
84,1.46741961023424E-05,4.673360824584960,0.06832871586084370,4.673360824584960,0.06832871586084370
85,1.48488889130845E-05,4.663546085357670,0.07109879702329640,4.663546085357670,0.07109879702329640
86,1.50235817238267E-05,4.653802394866940,0.07386888563632970,4.653802394866940,0.07386888563632970
87,1.51982745345689E-05,4.644031047821050,0.07571560889482500,4.644031047821050,0.07571560889482500
88,1.53729673453111E-05,4.634262561798100,0.07571560889482500,4.634262561798100,0.07571560889482500
89,1.55476601560532E-05,4.624549865722660,0.07663896679878240,4.624549865722660,0.07663896679878240
90,1.57223529667954E-05,4.614847660064700,0.07848569005727770,4.614847660064700,0.07848569005727770
91,1.58970457775376E-05,4.605117321014400,0.08125577121973040,4.605117321014400,0.08125577121973040
92,1.60717385882797E-05,4.5954108238220200,0.08310249447822570,4.5954108238220200,0.08310249447822570
93,1.62464313990219E-05,4.585709095001220,0.08310249447822570,4.585709095001220,0.08310249447822570
94,1.64211242097641E-05,4.5760369300842300,0.08310249447822570,4.5760369300842300,0.08310249447822570
95,1.65958170205063E-05,4.566389560699460,0.08402585238218310,4.566389560699460,0.08402585238218310
96,1.67705098312484E-05,4.556708335876470,0.08402585238218310,4.556708335876470,0.08402585238218310
97,1.69452026419906E-05,4.546980857849120,0.08310249447822570,4.546980857849120,0.08310249447822570
98,1.71198954527328E-05,4.537275314331060,0.08217913657426830,4.537275314331060,0.08217913657426830
99,1.72945882634749E-05,4.527450084686280,0.08217913657426830,4.527450084686280,0.08217913657426830
100,1.74692810742171E-05,4.5174641609191900,0.08217913657426830,4.5174641609191900,0.08217913657426830
101,1.76439738849593E-05,4.507272243499760,0.08217913657426830,4.507272243499760,0.08217913657426830
102,1.78186666957015E-05,4.4969329833984400,0.08217913657426830,4.4969329833984400,0.08217913657426830
103,1.79933595064436E-05,4.4863457679748500,0.08494921773672100,4.4863457679748500,0.08494921773672100
104,1.81680523171858E-05,4.475634574890140,0.08679594099521640,4.475634574890140,0.08679594099521640
105,1.8342745127928E-05,4.464645862579350,0.08771929889917370,4.464645862579350,0.08771929889917370
106,1.85174379386701E-05,4.453352451324460,0.08679594099521640,4.453352451324460,0.08679594099521640
107,1.86921307494123E-05,4.442046165466310,0.0886426568031311,4.442046165466310,0.0886426568031311
108,1.88668235601545E-05,4.430509090423580,0.08771929889917370,4.430509090423580,0.08771929889917370
109,1.90415163708966E-05,4.418742656707760,0.0886426568031311,4.418742656707760,0.0886426568031311
110,1.92162091816388E-05,4.406723976135250,0.08956602215766910,4.406723976135250,0.08956602215766910
111,1.9390901992381E-05,4.394516468048100,0.09048938006162640,4.394516468048100,0.09048938006162640
112,1.95655948031232E-05,4.381909370422360,0.09233610332012180,4.381909370422360,0.09233610332012180
113,1.97402876138653E-05,4.368934154510500,0.09233610332012180,4.368934154510500,0.09233610332012180
114,1.99149804246075E-05,4.355625629425050,0.09325946867465970,4.355625629425050,0.09325946867465970
115,2.00896732353497E-05,4.341975688934330,0.0914127454161644,4.341975688934330,0.0914127454161644
116,2.02643660460918E-05,4.327850818634030,0.0914127454161644,4.327850818634030,0.0914127454161644
117,2.0439058856834E-05,4.3132452964782700,0.09233610332012180,4.3132452964782700,0.09233610332012180
118,2.06137516675762E-05,4.29823637008667,0.09233610332012180,4.29823637008667,0.09233610332012180
119,2.07884444783184E-05,4.282444000244140,0.0941828265786171,4.282444000244140,0.0941828265786171
120,2.09631372890605E-05,4.266266345977780,0.09602954983711240,4.266266345977780,0.09602954983711240
121,2.11378300998027E-05,4.249639987945560,0.09787627309560780,4.249639987945560,0.09787627309560780
122,2.13125229105449E-05,4.232665061950680,0.0969529077410698,4.232665061950680,0.0969529077410698
123,2.1487215721287E-05,4.215691089630130,0.09787627309560780,4.215691089630130,0.09787627309560780
124,2.16619085320292E-05,4.1984357833862300,0.10064635425806000,4.1984357833862300,0.10064635425806000
125,2.18366013427714E-05,4.180995941162110,0.10341643542051300,4.180995941162110,0.10341643542051300
126,2.20112941535136E-05,4.163364410400390,0.10803323984146100,4.163364410400390,0.10803323984146100
127,2.21859869642557E-05,4.1458659172058100,0.10987996309995700,4.1458659172058100,0.10987996309995700
128,2.23606797749979E-05,4.128016948699950,0.1154201328754430,4.128016948699950,0.1154201328754430
129,2.25353725857401E-05,4.108996391296390,0.11911357194185300,4.108996391296390,0.11911357194185300
130,2.27100653964822E-05,4.088802814483640,0.1237303838133810,4.088802814483640,0.1237303838133810
131,2.28847582072244E-05,4.068279266357420,0.12834718823432900,4.068279266357420,0.12834718823432900
132,2.30594510179666E-05,4.047399520874020,0.13481071591377300,4.047399520874020,0.13481071591377300
133,2.32341438287088E-05,4.026813507080080,0.13850416243076300,4.026813507080080,0.13850416243076300
134,2.34088366394509E-05,4.0056586265564000,0.14312095940113100,4.0056586265564000,0.14312095940113100
135,2.35835294501931E-05,3.9842491149902300,0.14404432475566900,3.9842491149902300,0.14404432475566900
136,2.37582222609353E-05,3.96240496635437,0.14866112172603600,3.96240496635437,0.14866112172603600
137,2.39329150716774E-05,3.941014051437380,0.14589104056358300,3.941014051437380,0.14589104056358300
138,2.41076078824196E-05,3.9197888374328600,0.14958448708057400,3.9197888374328600,0.14958448708057400
139,2.42823006931618E-05,3.898776054382320,0.14958448708057400,3.898776054382320,0.14958448708057400
140,2.4456993503904E-05,3.878170967102050,0.15143121778965000,3.878170967102050,0.15143121778965000
141,2.46316863146461E-05,3.8577311038970900,0.15235456824302700,3.8577311038970900,0.15235456824302700
142,2.48063791253883E-05,3.836439371109010,0.15789474546909300,3.836439371109010,0.15789474546909300
143,2.49810719361305E-05,3.8150315284729000,0.16251154243946100,3.8150315284729000,0.16251154243946100
144,2.51557647468726E-05,3.7934458255767800,0.16805170476436600,3.7934458255767800,0.16805170476436600
145,2.53304575576148E-05,3.7699339389801000,0.1717451512813570,3.7699339389801000,0.1717451512813570
146,2.5505150368357E-05,3.746258020401000,0.17820867896080000,3.746258020401000,0.17820867896080000
147,2.56798431790992E-05,3.721552848815920,0.18467220664024400,3.721552848815920,0.18467220664024400
148,2.58545359898413E-05,3.697280168533330,0.19021236896514900,3.697280168533330,0.19021236896514900
149,2.60292288005835E-05,3.6748998165130600,0.1939058154821400,3.6748998165130600,0.1939058154821400
150,2.62039216113257E-05,3.65322208404541,0.19482918083667800,3.65322208404541,0.19482918083667800
151,2.63786144220678E-05,3.6312131881713900,0.19298246502876300,3.6312131881713900,0.19298246502876300
152,2.655330723281E-05,3.6096599102020300,0.19298246502876300,3.6096599102020300,0.19298246502876300
153,2.67280000435522E-05,3.5887033939361600,0.18928901851177200,3.5887033939361600,0.18928901851177200
154,2.69026928542943E-05,3.568725109100340,0.19298246502876300,3.568725109100340,0.19298246502876300
155,2.70773856650365E-05,3.546414852142330,0.20036934316158300,3.546414852142330,0.20036934316158300
156,2.72520784757787E-05,3.521129846572880,0.209602952003479,3.521129846572880,0.209602952003479
157,2.74267712865209E-05,3.4951701164245600,0.2123730480670930,3.4951701164245600,0.2123730480670930
158,2.7601464097263E-05,3.4699411392211900,0.2179132103919980,3.4699411392211900,0.2179132103919980
159,2.77761569080052E-05,3.446563482284550,0.220683291554451,3.446563482284550,0.220683291554451
160,2.79508497187474E-05,3.4257218837738000,0.2234533727169040,3.4257218837738000,0.2234533727169040
161,2.81255425294895E-05,3.40645170211792,0.22437673807144200,3.40645170211792,0.22437673807144200
162,2.83002353402317E-05,3.3883543014526400,0.22530008852481800,3.3883543014526400,0.22530008852481800
163,2.84749281509739E-05,3.3682658672332800,0.22530008852481800,3.3682658672332800,0.22530008852481800
164,2.86496209617161E-05,3.344874143600460,0.23176361620426200,3.344874143600460,0.23176361620426200
165,2.88243137724582E-05,3.3217475414276100,0.23453371226787600,3.3217475414276100,0.23453371226787600
166,2.89990065832004E-05,3.2980291843414300,0.23545706272125200,3.2980291843414300,0.23545706272125200
167,2.91736993939426E-05,3.27691388130188,0.24099723994731900,3.27691388130188,0.24099723994731900
168,2.93483922046847E-05,3.257814645767210,0.24376732110977200,3.257814645767210,0.24376732110977200
169,2.95230850154269E-05,3.2369744777679400,0.24561403691768600,3.2369744777679400,0.24561403691768600
170,2.96977778261691E-05,3.2154598236084000,0.2530009150505070,3.2154598236084000,0.2530009150505070
171,2.98724706369113E-05,3.194131851196290,0.2557710111141210,3.194131851196290,0.2557710111141210
172,3.00471634476534E-05,3.1733129024505600,0.25669437646865800,3.1733129024505600,0.25669437646865800
173,3.02218562583956E-05,3.1530094146728500,0.26223453879356400,3.1530094146728500,0.26223453879356400
174,3.03965490691378E-05,3.1340792179107700,0.26777470111846900,3.1340792179107700,0.26777470111846900
175,3.05712418798799E-05,3.114530324935910,0.27054479718208300,3.114530324935910,0.27054479718208300
176,3.07459346906221E-05,3.0927655696868900,0.2770083248615270,3.0927655696868900,0.2770083248615270
177,3.09206275013643E-05,3.0706329345703100,0.2871652841567990,3.0706329345703100,0.2871652841567990
178,3.10953203121065E-05,3.048419237136840,0.2880886495113370,3.048419237136840,0.2880886495113370
179,3.12700131228486E-05,3.0276248455047600,0.29178208112716700,3.0276248455047600,0.29178208112716700
180,3.14447059335908E-05,3.0054585933685300,0.29178208112716700,3.0054585933685300,0.29178208112716700
181,3.1619398744333E-05,2.982081651687620,0.2954755425453190,2.982081651687620,0.2954755425453190
182,3.17940915550751E-05,2.960759401321410,0.29732224345207200,2.960759401321410,0.29732224345207200
183,3.19687843658173E-05,2.941138744354250,0.3037857711315160,2.941138744354250,0.3037857711315160
184,3.21434771765595E-05,2.922588348388670,0.3037857711315160,2.922588348388670,0.3037857711315160
185,3.23181699873017E-05,2.9036715030670200,0.3028624355793000,2.9036715030670200,0.3028624355793000
186,3.24928627980438E-05,2.882889747619630,0.3139427602291110,2.882889747619630,0.3139427602291110
187,3.2667555608786E-05,2.8648247718811000,0.3148661255836490,2.8648247718811000,0.3148661255836490
188,3.28422484195282E-05,2.84710955619812,0.32225301861763,2.84710955619812,0.32225301861763
189,3.30169412302703E-05,2.825190782547000,0.3231763541698460,2.825190782547000,0.3231763541698460
190,3.31916340410125E-05,2.802645206451420,0.32963988184928900,2.802645206451420,0.32963988184928900
191,3.33663268517547E-05,2.7811567783355700,0.3333333432674410,2.7811567783355700,0.3333333432674410
192,3.35410196624968E-05,2.7635200023651100,0.33702677488327000,2.7635200023651100,0.33702677488327000
193,3.3715712473239E-05,2.746466636657720,0.3379501402378080,2.746466636657720,0.3379501402378080
194,3.38904052839812E-05,2.7298293113708500,0.3351800739765170,2.7298293113708500,0.3351800739765170
195,3.40650980947234E-05,2.7102673053741500,0.33702677488327000,2.7102673053741500,0.33702677488327000
196,3.42397909054655E-05,2.686408519744870,0.3444136679172520,2.686408519744870,0.3444136679172520
197,3.44144837162077E-05,2.6608810424804700,0.349030464887619,2.6608810424804700,0.349030464887619
198,3.45891765269499E-05,2.6391067504882800,0.3545706272125240,2.6391067504882800,0.3545706272125240
199,3.4763869337692E-05,2.620547294616700,0.3573407232761380,2.620547294616700,0.3573407232761380
200,3.49385621484342E-05,2.600959539413450,0.3601108193397520,2.600959539413450,0.3601108193397520
201,3.51132549591764E-05,2.5808017253875700,0.370267778635025,2.5808017253875700,0.370267778635025
202,3.52879477699186E-05,2.5656630992889400,0.370267778635025,2.5656630992889400,0.370267778635025
203,3.54626405806607E-05,2.550464630126950,0.36657434701919600,2.550464630126950,0.36657434701919600
204,3.56373333914029E-05,2.5325331687927200,0.36657434701919600,2.5325331687927200,0.36657434701919600
205,3.58120262021451E-05,2.5118792057037400,0.3656509816646580,2.5118792057037400,0.3656509816646580
206,3.59867190128872E-05,2.4876222610473600,0.37765467166900600,2.4876222610473600,0.37765467166900600
207,3.61614118236294E-05,2.4654457569122300,0.38504156470298800,2.4654457569122300,0.38504156470298800
208,3.63361046343716E-05,2.446624994277950,0.39058172702789300,2.446624994277950,0.39058172702789300
209,3.65107974451138E-05,2.430032968521120,0.3878116309642790,2.430032968521120,0.3878116309642790
210,3.66854902558559E-05,2.4167585372924800,0.3878116309642790,2.4167585372924800,0.3878116309642790
211,3.68601830665981E-05,2.40122389793396,0.39427515864372300,2.40122389793396,0.39427515864372300
212,3.70348758773403E-05,2.382429838180540,0.40166205167770400,2.382429838180540,0.40166205167770400
213,3.72095686880824E-05,2.359983444213870,0.4025854170322420,2.359983444213870,0.4025854170322420
214,3.73842614988246E-05,2.335576295852660,0.40166205167770400,2.335576295852660,0.40166205167770400
215,3.75589543095668E-05,2.313713550567630,0.4081255793571470,2.313713550567630,0.4081255793571470
216,3.7733647120309E-05,2.2937827110290500,0.41735920310020400,2.2937827110290500,0.41735920310020400
217,3.79083399310511E-05,2.2762451171875,0.42012926936149600,2.2762451171875,0.42012926936149600
218,3.80830327417933E-05,2.2595860958099400,0.42012926936149600,2.2595860958099400,0.42012926936149600
219,3.82577255525355E-05,2.242441415786740,0.4275161623954770,2.242441415786740,0.4275161623954770
220,3.84324183632776E-05,2.2250566482543900,0.4376731216907500,2.2250566482543900,0.4376731216907500
221,3.86071111740198E-05,2.207291603088380,0.441366583108902,2.207291603088380,0.441366583108902
222,3.8781803984762E-05,2.1877944469451900,0.4441366493701940,2.1877944469451900,0.4441366493701940
223,3.89564967955042E-05,2.167201280593870,0.44783011078834500,2.167201280593870,0.44783011078834500
224,3.91311896062463E-05,2.1471028327941900,0.4469067454338070,2.1471028327941900,0.4469067454338070
225,3.93058824169885E-05,2.1313109397888200,0.4469067454338070,2.1313109397888200,0.4469067454338070
226,3.94805752277307E-05,2.110673666000370,0.4515235424041750,2.110673666000370,0.4515235424041750
227,3.96552680384728E-05,2.089684247970580,0.45521700382232700,2.089684247970580,0.45521700382232700
228,3.9829960849215E-05,2.0719943046569800,0.462603896856308,2.0719943046569800,0.462603896856308
229,4.00046536599572E-05,2.058009386062620,0.4681440591812130,2.058009386062620,0.4681440591812130
230,4.01793464706994E-05,2.0373823642730700,0.47183749079704300,2.0373823642730700,0.47183749079704300
231,4.03540392814415E-05,2.0164284706115700,0.4755309522151950,2.0164284706115700,0.4755309522151950
232,4.05287320921837E-05,1.9973514080047600,0.4884580075740810,1.9973514080047600,0.4884580075740810
233,4.07034249029259E-05,1.9776371717453000,0.49307480454444900,1.9776371717453000,0.49307480454444900
234,4.0878117713668E-05,1.9590144157409700,0.4949215352535250,1.9590144157409700,0.4949215352535250
235,4.10528105244102E-05,1.9390157461166400,0.5069252252578740,1.9390157461166400,0.5069252252578740
236,4.12275033351524E-05,1.9225105047226000,0.5087719559669500,1.9225105047226000,0.5087719559669500
237,4.14021961458945E-05,1.9008647203445400,0.5189288854599000,1.9008647203445400,0.5189288854599000
238,4.15768889566367E-05,1.8841499090194700,0.5189288854599000,1.8841499090194700,0.5189288854599000
239,4.17515817673789E-05,1.8688328266143800,0.5272391438484190,1.8688328266143800,0.5272391438484190
240,4.19262745781211E-05,1.8525876998901400,0.530932605266571,1.8525876998901400,0.530932605266571
241,4.21009673888632E-05,1.8369337320327800,0.5392428636550900,1.8369337320327800,0.5392428636550900
242,4.22756601996054E-05,1.8176730871200600,0.5429363250732420,1.8176730871200600,0.5429363250732420
243,4.24503530103476E-05,1.7952800989151,0.5475531220436100,1.7952800989151,0.5475531220436100
244,4.26250458210897E-05,1.770914077758790,0.5549399852752690,1.770914077758790,0.5549399852752690
245,4.27997386318319E-05,1.7508474588394200,0.5678670406341550,1.7508474588394200,0.5678670406341550
246,4.29744314425741E-05,1.7346450090408300,0.5687903761863710,1.7346450090408300,0.5687903761863710
247,4.31491242533163E-05,1.7183830738067600,0.5687903761863710,1.7183830738067600,0.5687903761863710
248,4.33238170640584E-05,1.6997809410095200,0.5798707604408260,1.6997809410095200,0.5798707604408260
249,4.34985098748006E-05,1.6880515813827500,0.5817174315452580,1.6880515813827500,0.5817174315452580
250,4.36732026855428E-05,1.6744039058685300,0.5844875574111940,1.6744039058685300,0.5844875574111940
251,4.38478954962849E-05,1.6535007953643800,0.5927978157997130,1.6535007953643800,0.5927978157997130
252,4.40225883070271E-05,1.632379174232480,0.5992613434791570,1.632379174232480,0.5992613434791570
253,4.41972811177693E-05,1.6081730127334600,0.6057248711586000,1.6081730127334600,0.6057248711586000
254,4.43719739285115E-05,1.5859286785125700,0.6168051958084110,1.5859286785125700,0.6168051958084110
255,4.45466667392536E-05,1.5660016536712600,0.6306555867195130,1.5660016536712600,0.6306555867195130
256,4.47213595499958E-05,1.5507858991622900,0.6334256529808040,1.5507858991622900,0.6334256529808040
257,4.4896052360738E-05,1.5371932983398400,0.6361957788467410,1.5371932983398400,0.6361957788467410
258,4.50707451714801E-05,1.5207011699676500,0.6417359113693240,1.5207011699676500,0.6417359113693240
259,4.52454379822223E-05,1.5012010335922200,0.6408125758171080,1.5012010335922200,0.6408125758171080
260,4.54201307929645E-05,1.4794994592666600,0.64450603723526,1.4794994592666600,0.64450603723526
261,4.55948236037067E-05,1.4584118127822900,0.6509695649147030,1.4584118127822900,0.6509695649147030
262,4.57695164144488E-05,1.4394131898880000,0.6555863618850710,1.4394131898880000,0.6555863618850710
263,4.5944209225191E-05,1.4216340780258200,0.6611264944076540,1.4216340780258200,0.6611264944076540
264,4.61189020359332E-05,1.405207872390750,0.6648199558258060,1.405207872390750,0.6648199558258060
265,4.62935948466753E-05,1.3873077630996700,0.6694367527961730,1.3873077630996700,0.6694367527961730
266,4.64682876574175E-05,1.3725420236587500,0.6749769449234010,1.3725420236587500,0.6749769449234010
267,4.66429804681597E-05,1.357216238975530,0.6795937418937680,1.357216238975530,0.6795937418937680
268,4.68176732789019E-05,1.3347152471542400,0.6851338744163510,1.3347152471542400,0.6851338744163510
269,4.6992366089644E-05,1.314476728439330,0.6934441328048710,1.314476728439330,0.6934441328048710
270,4.71670589003862E-05,1.2919269800186200,0.699907660484314,1.2919269800186200,0.699907660484314
271,4.73417517111284E-05,1.2751412391662600,0.7082179188728330,1.2751412391662600,0.7082179188728330
272,4.75164445218705E-05,1.2697855234146100,0.7063711881637570,1.2697855234146100,0.7063711881637570
273,4.76911373326127E-05,1.2569572925567600,0.7036011219024660,1.2569572925567600,0.7036011219024660
274,4.78658301433549E-05,1.2346802949905400,0.7128347158432010,1.2346802949905400,0.7128347158432010
275,4.8040522954097E-05,1.2150484323501600,0.7239150404930120,1.2150484323501600,0.7239150404930120
276,4.82152157648392E-05,1.2002134323120100,0.7340720295906070,1.2002134323120100,0.7340720295906070
277,4.83899085755814E-05,1.1744647026062000,0.742382287979126,1.1744647026062000,0.742382287979126
278,4.85646013863236E-05,1.1540765762329100,0.742382287979126,1.1540765762329100,0.742382287979126
279,4.87392941970657E-05,1.1442736387252800,0.7433056235313420,1.1442736387252800,0.7433056235313420
280,4.89139870078079E-05,1.127263069152830,0.7525392770767210,1.127263069152830,0.7525392770767210
281,4.90886798185501E-05,1.1078792810440100,0.7580794095993040,1.1078792810440100,0.7580794095993040
282,4.92633726292922E-05,1.0931098461151100,0.763619601726532,1.0931098461151100,0.763619601726532
283,4.94380654400344E-05,1.0784969329834000,0.7663896679878240,1.0784969329834000,0.7663896679878240
284,4.96127582507766E-05,1.059386134147640,0.7746999263763430,1.059386134147640,0.7746999263763430
285,4.97874510615188E-05,1.0431411266326900,0.7839335203170780,1.0431411266326900,0.7839335203170780
286,4.99621438722609E-05,1.0298399925231900,0.7857802510261540,1.0298399925231900,0.7857802510261540
287,5.01368366830031E-05,1.0130584239959700,0.7894737124443050,1.0130584239959700,0.7894737124443050
288,5.03115294937453E-05,0.9957124590873720,0.7922437787055970,0.9957124590873720,0.7922437787055970
289,5.04862223044874E-05,0.9755039811134340,0.8014773726463320,0.9755039811134340,0.8014773726463320
290,5.06609151152296E-05,0.9589921236038210,0.8079409003257750,0.9589921236038210,0.8079409003257750
291,5.08356079259718E-05,0.9461798667907720,0.8107110261917110,0.9461798667907720,0.8107110261917110
292,5.1010300736714E-05,0.9360641837120060,0.8144044280052190,0.9360641837120060,0.8144044280052190
293,5.11849935474561E-05,0.923835813999176,0.8144044280052190,0.923835813999176,0.8144044280052190
294,5.13596863581983E-05,0.9076938033103940,0.8199446201324460,0.9076938033103940,0.8199446201324460
295,5.15343791689405E-05,0.8936245441436770,0.8208679556846620,0.8936245441436770,0.8208679556846620
296,5.17090719796826E-05,0.8798838257789610,0.8254847526550290,0.8798838257789610,0.8254847526550290
297,5.18837647904248E-05,0.8603474497795110,0.8301016092300420,0.8603474497795110,0.8301016092300420
298,5.2058457601167E-05,0.8422872424125670,0.8301016092300420,0.8422872424125670,0.8301016092300420
299,5.22331504119092E-05,0.8265753984451290,0.832871675491333,0.8265753984451290,0.832871675491333
300,5.24078432226513E-05,0.8117311596870420,0.8356417417526250,0.8117311596870420,0.8356417417526250
301,5.25825360333935E-05,0.7977206110954290,0.8393352031707760,0.7977206110954290,0.8393352031707760
302,5.27572288441357E-05,0.7846829891204830,0.8476454615592960,0.7846829891204830,0.8476454615592960
303,5.29319216548778E-05,0.7710286378860470,0.8476454615592960,0.7710286378860470,0.8476454615592960
304,5.310661446562E-05,0.7604085206985470,0.8494921922683720,0.7604085206985470,0.8494921922683720
305,5.32813072763622E-05,0.7490363121032720,0.854108989238739,0.7490363121032720,0.854108989238739
306,5.34560000871043E-05,0.737123429775238,0.8550323247909550,0.737123429775238,0.8550323247909550
307,5.36306928978465E-05,0.7253924012184140,0.8568790555000310,0.7253924012184140,0.8568790555000310
308,5.38053857085887E-05,0.7098288536071780,0.8633425831794740,0.7098288536071780,0.8633425831794740
309,5.39800785193309E-05,0.6937142014503480,0.8670360445976260,0.6937142014503480,0.8670360445976260
310,5.4154771330073E-05,0.6764542460441590,0.8670360445976260,0.6764542460441590,0.8670360445976260
311,5.43294641408152E-05,0.6645383238792420,0.8762696385383610,0.6645383238792420,0.8762696385383610
312,5.45041569515574E-05,0.6525281667709350,0.8753462433815000,0.6525281667709350,0.8753462433815000
313,5.46788497622996E-05,0.6478432416915890,0.8799630999565130,0.6478432416915890,0.8799630999565130
314,5.48535425730417E-05,0.6405665874481200,0.8836565017700200,0.6405665874481200,0.8836565017700200
315,5.50282353837839E-05,0.6221704483032230,0.888273298740387,0.6221704483032230,0.888273298740387
316,5.52029281945261E-05,0.6051209568977360,0.8928901553153990,0.6051209568977360,0.8928901553153990
317,5.53776210052682E-05,0.5940636396408080,0.8947368264198300,0.5940636396408080,0.8947368264198300
318,5.55523138160104E-05,0.5868312120437620,0.8956602215766910,0.5868312120437620,0.8956602215766910
319,5.57270066267526E-05,0.5769084095954900,0.8975069522857670,0.5769084095954900,0.8975069522857670
320,5.59016994374947E-05,0.5659222602844240,0.8965835571289060,0.5659222602844240,0.8965835571289060
321,5.60763922482369E-05,0.555934727191925,0.9012003540992740,0.555934727191925,0.9012003540992740
322,5.62510850589791E-05,0.542649507522583,0.902123749256134,0.542649507522583,0.902123749256134
323,5.64257778697213E-05,0.529525101184845,0.907663881778717,0.529525101184845,0.907663881778717
324,5.66004706804634E-05,0.518230676651001,0.9067405462265020,0.518230676651001,0.9067405462265020
325,5.67751634912056E-05,0.5094162225723270,0.907663881778717,0.5094162225723270,0.907663881778717
326,5.69498563019478E-05,0.49956023693084700,0.9104340076446530,0.49956023693084700,0.9104340076446530
327,5.71245491126899E-05,0.4902938902378080,0.9150508046150210,0.4902938902378080,0.9150508046150210
328,5.72992419234321E-05,0.4804893136024480,0.9178208708763120,0.4804893136024480,0.9178208708763120
329,5.74739347341743E-05,0.4744650423526760,0.9178208708763120,0.4744650423526760,0.9178208708763120
330,5.76486275449165E-05,0.4646507501602170,0.9215143322944640,0.4646507501602170,0.9215143322944640
331,5.78233203556586E-05,0.45588788390159600,0.9224376678466800,0.45588788390159600,0.9224376678466800
332,5.79980131664008E-05,0.4440392553806310,0.92336106300354,0.4440392553806310,0.92336106300354
333,5.8172705977143E-05,0.4321289658546450,0.925207793712616,0.4321289658546450,0.925207793712616
334,5.83473987878851E-05,0.42027440667152400,0.928901195526123,0.42027440667152400,0.928901195526123
335,5.85220915986273E-05,0.4149583578109740,0.928901195526123,0.4149583578109740,0.928901195526123
336,5.86967844093695E-05,0.40885022282600400,0.9325946569442750,0.40885022282600400,0.9325946569442750
337,5.88714772201117E-05,0.3980981707572940,0.9335179924964910,0.3980981707572940,0.9335179924964910
338,5.90461700308538E-05,0.38586553931236300,0.9390581846237180,0.38586553931236300,0.9390581846237180
339,5.9220862841596E-05,0.3760335147380830,0.9427516460418700,0.3760335147380830,0.9427516460418700
340,5.93955556523382E-05,0.3722805082798000,0.9399815201759340,0.3722805082798000,0.9399815201759340
341,5.95702484630803E-05,0.369568794965744,0.9436749815940860,0.369568794965744,0.9436749815940860
342,5.97449412738225E-05,0.36151301860809300,0.944598376750946,0.36151301860809300,0.944598376750946
343,5.99196340845647E-05,0.3496994376182560,0.9436749815940860,0.3496994376182560,0.9436749815940860
344,6.00943268953069E-05,0.3406566381454470,0.9492151737213140,0.3406566381454470,0.9492151737213140
345,6.0269019706049E-05,0.33296042680740400,0.9473684430122380,0.33296042680740400,0.9473684430122380
346,6.04437125167912E-05,0.3244418501853940,0.9482917785644530,0.3244418501853940,0.9482917785644530
347,6.06184053275334E-05,0.3227600157260900,0.9482917785644530,0.3227600157260900,0.9482917785644530
348,6.07930981382755E-05,0.3181263506412510,0.9510619044303890,0.3181263506412510,0.9510619044303890
349,6.09677909490177E-05,0.30379194021225000,0.951985239982605,0.30379194021225000,0.951985239982605
350,6.11424837597599E-05,0.2942824959754940,0.9584487676620480,0.2942824959754940,0.9584487676620480
351,6.1317176570502E-05,0.2889025807380680,0.9584487676620480,0.2889025807380680,0.9584487676620480
352,6.14918693812442E-05,0.28281140327453600,0.9612188339233400,0.28281140327453600,0.9612188339233400
353,6.16665621919864E-05,0.27510765194892900,0.9602954983711240,0.27510765194892900,0.9602954983711240
354,6.18412550027286E-05,0.269798219203949,0.9621422290802000,0.269798219203949,0.9621422290802000
355,6.20159478134707E-05,0.26503047347068800,0.9649122953414920,0.26503047347068800,0.9649122953414920
356,6.21906406242129E-05,0.25630319118499800,0.9676823616027830,0.25630319118499800,0.9676823616027830
357,6.23653334349551E-05,0.2504991292953490,0.9649122953414920,0.2504991292953490,0.9649122953414920
358,6.25400262456973E-05,0.2470695525407790,0.9649122953414920,0.2470695525407790,0.9649122953414920
359,6.27147190564394E-05,0.2413693517446520,0.9667590260505680,0.2413693517446520,0.9667590260505680
360,6.28894118671816E-05,0.23340703547000900,0.9695290923118590,0.23340703547000900,0.9695290923118590
361,6.30641046779238E-05,0.22618241608142900,0.9722991585731510,0.22618241608142900,0.9722991585731510
362,6.32387974886659E-05,0.21679408848285700,0.9759926199913030,0.21679408848285700,0.9759926199913030
363,6.34134902994081E-05,0.21226628124713900,0.9769160151481630,0.21226628124713900,0.9769160151481630
364,6.35881831101503E-05,0.20882895588874800,0.9769160151481630,0.20882895588874800,0.9769160151481630
365,6.37628759208925E-05,0.20609624683857000,0.9759926199913030,0.20609624683857000,0.9759926199913030
366,6.39375687316346E-05,0.20335158705711400,0.9741458892822270,0.20335158705711400,0.9741458892822270
367,6.41122615423768E-05,0.19703978300094600,0.9750692844390870,0.19703978300094600,0.9750692844390870
368,6.4286954353119E-05,0.1908358633518220,0.9778393507003780,0.1908358633518220,0.9778393507003780
369,6.44616471638611E-05,0.18331430852413200,0.9833795428276060,0.18331430852413200,0.9833795428276060
370,6.46363399746033E-05,0.1795368194580080,0.9824561476707460,0.1795368194580080,0.9824561476707460
371,6.48110327853455E-05,0.1764661818742750,0.9824561476707460,0.1764661818742750,0.9824561476707460
372,6.49857255960876E-05,0.17317582666873900,0.9824561476707460,0.17317582666873900,0.9824561476707460
373,6.51604184068298E-05,0.16877633333206200,0.9852262139320370,0.16877633333206200,0.9852262139320370
374,6.5335111217572E-05,0.16495457291603100,0.9870729446411130,0.16495457291603100,0.9870729446411130
375,6.55098040283142E-05,0.16062407195568100,0.9879963397979740,0.16062407195568100,0.9879963397979740
376,6.56844968390563E-05,0.15823498368263200,0.9870729446411130,0.15823498368263200,0.9870729446411130
377,6.58591896497985E-05,0.15597666800022100,0.9861496090888980,0.15597666800022100,0.9861496090888980
378,6.60338824605407E-05,0.1519133299589160,0.9870729446411130,0.1519133299589160,0.9870729446411130
379,6.62085752712828E-05,0.14631663262844100,0.9879963397979740,0.14631663262844100,0.9879963397979740
380,6.6383268082025E-05,0.1432855874300000,0.9879963397979740,0.1432855874300000,0.9879963397979740
381,6.65579608927672E-05,0.14062736928463000,0.9889196753501890,0.14062736928463000,0.9889196753501890
382,6.67326537035094E-05,0.13617269694805100,0.9898430705070500,0.13617269694805100,0.9898430705070500
383,6.69073465142515E-05,0.13201896846294400,0.9889196753501890,0.13201896846294400,0.9889196753501890
384,6.70820393249937E-05,0.12880143523216200,0.9889196753501890,0.12880143523216200,0.9889196753501890
385,6.72567321357359E-05,0.12561900913715400,0.9898430705070500,0.12561900913715400,0.9898430705070500
386,6.7431424946478E-05,0.1234837993979450,0.9889196753501890,0.1234837993979450,0.9889196753501890
387,6.76061177572202E-05,0.12033479660749400,0.9907664060592650,0.12033479660749400,0.9907664060592650
388,6.77808105679624E-05,0.11673740297555900,0.9916897416114810,0.11673740297555900,0.9916897416114810
389,6.79555033787046E-05,0.11183352768421200,0.9916897416114810,0.11183352768421200,0.9916897416114810
390,6.81301961894467E-05,0.10863989591598500,0.9916897416114810,0.10863989591598500,0.9916897416114810
391,6.83048890001889E-05,0.10763099789619400,0.9916897416114810,0.10763099789619400,0.9916897416114810
392,6.84795818109311E-05,0.10572963207960100,0.9889196753501890,0.10572963207960100,0.9889196753501890
393,6.86542746216732E-05,0.10155867040157300,0.9926131367683410,0.10155867040157300,0.9926131367683410
394,6.88289674324154E-05,0.09676218032836910,0.9953832030296330,0.09676218032836910,0.9953832030296330
395,6.90036602431576E-05,0.09241647273302080,0.9972299337387090,0.09241647273302080,0.9972299337387090
396,6.91783530538998E-05,0.08965896815061570,0.9972299337387090,0.08965896815061570,0.9972299337387090
397,6.93530458646419E-05,0.08756625652313230,0.9953832030296330,0.08756625652313230,0.9953832030296330
398,6.95277386753841E-05,0.08651255816221240,0.9963065981864930,0.08651255816221240,0.9963065981864930
399,6.97024314861263E-05,0.08763105422258380,0.994459867477417,0.08763105422258380,0.994459867477417
400,6.98771242968684E-05,0.08588175475597380,0.9935364723205570,0.08588175475597380,0.9935364723205570